prbl,cmpct,objv,gp,time
2040,C0,758775.8299999998,0.0,317.3276627
