prbl,cmpct,objv,gp,time
1008,C0,760491.8400000001,0.0,85.4339244
