prbl,cmpct,objv,gp,time
1008,C2,870104.1300000006,0.0,122.491367375
