prbl,cmpct,objv,gp,time
1508,C0,748911.8899999999,0.0,231.8797727
