prbl,cmpct,objv,gp,time
0510,C3,863613.2799999999,0.0,16.848395833
