prbl,cmpct,objv,gp,time
0510,C0,774615.1600000003,6.011517865306678e-16,12.3980567
