prbl,cmpct,objv,gp,time
0510,C2,893248.3699999998,0.0,63.562713375
