prbl,cmpct,objv,gp,time
0510,C0,861160.9000000007,0.0,8.290286792
