prbl,cmpct,objv,gp,time
0510,C2,888380.0699999991,0.0,10.306476791
